{"cameraMode":{"drawMode":0,"name":"Shaded","section":"Shading Mode"},"sceneLighting":true,"audioPlay":false,"sceneViewState":{"showFog":true,"showMaterialUpdate":false,"showSkybox":true,"showFlares":true,"showImageEffects":true,"showParticleSystems":true},"in2DMode":false,"pivot":{"x":1.1748324632644654,"y":3.7613883018493654,"z":0.7073302865028381},"rotation":{"x":0.11072444915771485,"y":-0.4088188111782074,"z":0.05004507675766945,"w":0.9044925570487976},"size":11.047483444213868,"orthographic":false}