{"cameraMode":{"drawMode":0,"name":"Shaded","section":"Shading Mode"},"sceneLighting":true,"audioPlay":false,"sceneViewState":{"showFog":true,"showMaterialUpdate":false,"showSkybox":true,"showFlares":true,"showImageEffects":true,"showParticleSystems":true},"in2DMode":false,"pivot":{"x":0.3163795471191406,"y":-23.759517669677736,"z":29.310813903808595},"rotation":{"x":-0.20945973694324494,"y":0.776812732219696,"z":-0.32917308807373049,"w":-0.4943026006221771},"size":59.803287506103519,"orthographic":false}