{"cameraMode":{"drawMode":0,"name":"Shaded","section":"Shading Mode"},"sceneLighting":false,"audioPlay":false,"sceneViewState":{"showFog":true,"showMaterialUpdate":false,"showSkybox":false,"showFlares":true,"showImageEffects":true,"showParticleSystems":true},"in2DMode":false,"pivot":{"x":4.788317680358887,"y":-1.0899033546447755,"z":-7.920548439025879},"rotation":{"x":-0.2465195208787918,"y":-0.15274851024150849,"z":0.039381302893161777,"w":-0.9562307000160217},"size":2.8578836917877199,"orthographic":false}