{"cameraMode":{"drawMode":0,"name":"Shaded","section":"Shading Mode"},"sceneLighting":true,"audioPlay":false,"sceneViewState":{"showFog":true,"showMaterialUpdate":false,"showSkybox":true,"showFlares":true,"showImageEffects":true,"showParticleSystems":true},"in2DMode":false,"pivot":{"x":9.96973705291748,"y":3.8955159187316896,"z":-5.737543106079102},"rotation":{"x":-0.3121105432510376,"y":-0.004277991130948067,"z":0.0014006751589477063,"w":-0.9500575065612793},"size":13.41987419128418,"orthographic":false}