{"cameraMode":{"drawMode":0,"name":"Shaded","section":"Shading Mode"},"sceneLighting":false,"audioPlay":false,"sceneViewState":{"showFog":true,"showMaterialUpdate":false,"showSkybox":false,"showFlares":true,"showImageEffects":true,"showParticleSystems":true},"in2DMode":false,"pivot":{"x":-0.02202892303466797,"y":-0.08458954095840454,"z":0.029238581657409669},"rotation":{"x":-0.07078679651021958,"y":-0.6071361303329468,"z":0.05442863702774048,"w":-0.7895942330360413},"size":2.8578836917877199,"orthographic":false}