{"cameraMode":{"drawMode":0,"name":"Shaded","section":"Shading Mode"},"sceneLighting":true,"audioPlay":false,"sceneViewState":{"showFog":true,"showMaterialUpdate":false,"showSkybox":true,"showFlares":true,"showImageEffects":true,"showParticleSystems":true},"in2DMode":false,"pivot":{"x":5.581002712249756,"y":4.903439044952393,"z":-7.022661209106445},"rotation":{"x":-0.19650737941265107,"y":0.19559594988822938,"z":-0.04003989323973656,"w":-0.9599823355674744},"size":7.379779815673828,"orthographic":false}