{"cameraMode":{"drawMode":0,"name":"Shaded","section":"Shading Mode"},"sceneLighting":true,"audioPlay":false,"sceneViewState":{"showFog":true,"showMaterialUpdate":false,"showSkybox":true,"showFlares":true,"showImageEffects":true,"showParticleSystems":true},"in2DMode":false,"pivot":{"x":4.722259521484375,"y":1.6785904169082642,"z":43.49777603149414},"rotation":{"x":-0.7060638666152954,"y":-0.0021240946371108295,"z":0.0021207542158663275,"w":-0.7081683874130249},"size":96.28558349609375,"orthographic":false}