{"cameraMode":{"drawMode":0,"name":"Shaded","section":"Shading Mode"},"sceneLighting":true,"audioPlay":false,"sceneViewState":{"showFog":true,"showMaterialUpdate":false,"showSkybox":true,"showFlares":true,"showImageEffects":true,"showParticleSystems":true},"in2DMode":false,"pivot":{"x":12.009685516357422,"y":-5.846475601196289,"z":29.198657989501954},"rotation":{"x":0.1964956820011139,"y":0.2780071794986725,"z":-0.05820875242352486,"w":0.9384649991989136},"size":56.226016998291019,"orthographic":false}